PM2.5,PM10,SO2,NO2,CO,O3
77.2088403433084,120.87296281702169,18.973537531010212,50.17498594112295,987.3551813539681,71.16877245883688
64.52163972915538,80.86432866093725,6.016011487709596,36.848575509190304,905.7252222918652,93.00343802859518
82.21255675747864,103.38743704212455,10.069515808150184,55.629206536649114,1250.3039108193068,34.64100722616504
95.7441587796245,114.68573647660818,28.77442279547553,59.976351619729144,1810.4380571040167,29.362411634028422
