PM2.5,PM10,SO2,NO2,CO,O3
79.76855255991285,103.19939746732027,19.998777160493827,52.04756367556281,1205.3072462781408,56.258592793436826
86.18367088406899,116.82111459918822,21.204404807204465,55.0479651826484,1271.1247463216641,57.90136231196094
79.30642281836631,103.65502267250126,12.996102232369354,48.315935597412484,1261.9165398274988,59.29040017757483
72.07841909532483,94.75171713721919,9.775875645112325,46.161344489981786,1138.0222563752277,58.1342734896782
92.40789783427495,110.8807968455744,18.10581450094162,57.21583686440678,1617.4935263653483,39.9536252354049
