PM2.5,PM10,SO2,NO2,CO,O3
0.4063477579642117,1.0,0.5693510793909887,0.5762080352317177,0.09022747983790015,0.6569089656979135
0.0,0.0,0.0,0.0,0.0,1.0
0.5666076141943278,0.5629561932386543,0.1781101618045455,0.8120379122357931,0.3808707860312246,0.08294328189193481
1.0,0.8453527227079167,1.0,1.0,1.0,0.0
