PM2.5,PM10,SO2,NO2,CO,O3
,,,,,
8.042164635415494,13.199415370793698,6.02850682836884,5.7647299800400065,5.460640865369437,2.920033077535056
-7.979757644523733,-11.270301581918352,-38.710365367323284,-12.22938861209335,-0.724414068785284,2.398972684148659
-9.114020612927675,-8.589362392415968,-24.778403014070015,-4.459379872892466,-9.817945921305316,-1.949939086992214
28.204667907691004,17.022466922680792,85.20913274908564,23.947509537604805,42.13197653245455,-31.273545127387358
